15.232,42.558,24.56,42.202,42.202,34.839,31.024,41.575,27.804,25.556,36.401,26.643,36.401,56.872,55.354,52.45,50.706,32.847,38.231,26.492,39.275,49.205,56.174,37.785,47.643,29.416,20.817,22,34.042,21.045,20.44,30.881,22.369,34.739,37.203,50.522,45.805,66.851,51.593,34.021,52.012,50.719,59.396,56.098,46.688,49.013,43.734,38.16,49.825,16.325,22.042,25.232,28.439,35.612,44.059,48.897,48.079,33.537,42.016,38.302,48.288,29.235,34.413,48.21,45,35.298,61.108,28.028,14.472,18.062,34.839,43.541,42.14,46.346,48.833,20.63,23.416,30.224,26.031,29.209,24.866,36.077,39.547,44.986,46.797,58.27,43.615,25.297,30.518,30.591,49.699,43.015,43.971,36.627,39.682,39.069,42.249,45.609,41.145,48.601
42.558,18,44.409,30.224,33.854,26.401,46.249,46.069,57.424,53.29,60.289,33.431,19.434,31.19,23,35.179,42.696,37.459,57.424,59.031,20.44,22.207,33.324,44.986,40.15,26.401,33,30.881,48.288,53.29,45.228,62,49.357,58.415,65.57,64.203,25.297,42.311,35.495,19.434,22.207,22.083,28.439,34.187,45.805,55.277,57.434,51.34,68.669,42.311,53.324,37.203,24.142,35.06,38.636,28.682,15.831,19.055,25.652,34.759,34.042,52.45,62.612,73.246,75.795,67.723,44.176,40.414,40.067,49.051,65.543,22.042,19,21.705,25.232,38.653,41.623,53.6,48.013,39,52.059,46.056,39,37.785,29.647,41.016,17.071,46.139,30.125,60.16,30.1,23.928,28.385,23.454,22.207,26.401,20.77,26.492,27.493,27.029
24.56,44.409,22.361,35,52.72,43.541,45.355,55.044,25,39.155,50.311,21.18,42.016,63.151,57.17,61.478,62.202,45.355,52.72,32.361,36.926,46.401,50,24.142,36.926,28.028,30.616,26.125,19.487,31.213,35,41.241,17.28,24.142,31.541,65.082,53.012,74.031,43.377,35,50.162,55.277,62.802,63.824,59.497,63.085,58.27,52.579,64.129,18.246,24.318,38.071,32.804,26.125,33.409,43.061,50.224,36.87,49.962,49.56,57.854,43.615,46.878,61.225,42.757,38.636,51.761,16.083,28.111,31.095,33.087,40.083,40.083,43.242,44.525,16.708,12.828,19.22,13.606,18.062,19,50.05,51.773,56.174,55.277,67.706,48.184,39.833,40.676,42.558,57.707,50.224,52.544,44.132,46.62,47.59,48.419,53.267,49.825,55.804
42.202,30.224,35,25,51.231,41.623,56.098,60.537,50,57.17,67.009,25.811,35.495,51.231,39.155,55,60.99,50.311,66.569,56.098,20,24.142,25,28.028,20,24.142,38.284,32.023,33.77,52.72,50,62.924,42.062,46.401,55.706,76.4,45,62.202,19.434,25.811,28.385,42.016,46.235,54.407,62.202,69.942,69.203,62.802,78.593,38.16,48.471,46.235,31.095,19.22,18.544,18.246,34.352,29.925,44.234,50.497,53.186,59.041,66.436,79.635,67.428,63.339,29.209,29.026,42.45,50.249,58.042,18.944,21.402,21.402,20.817,32.804,33.087,42.558,38.071,27.029,44,58.26,54.385,55.354,49.051,61.039,37.074,53.186,42.65,62.773,50.012,43.061,47.216,39.833,40.265,43.734,40.017,46.014,45.511,47.054
42.202,33.854,52.72,51.231,20.616,20,30.616,23.928,60,43.541,45.355,45.355,25.811,30,39.155,21.18,20,21.18,40,56.098,41.623,46.056,57.17,60.249,60.99,40,32.361,36.926,60.448,49.051,37.203,53.829,53.909,65.902,69.405,42.696,21.18,36.926,58.466,35.495,45.468,30.125,38.16,26.492,22.042,32.204,36.926,32.091,49.051,46.235,54.045,27.692,32.023,52.012,58.508,52.048,34.759,31.378,18.485,14.472,16.708,39.411,50.804,57,76.468,64.818,67.697,51.976,37.803,44.059,66.639,44.928,41.78,45.355,48.949,46.056,50.162,60.99,55.695,51.593,56.648,27,17.071,14.123,18.062,26.279,27.692,34.597,22.083,50.311,21,20.63,16.708,21.402,21.662,17.616,23.454,19.849,16.403,22.369
34.839,26.401,43.541,41.623,20,11.18,30.616,29.849,52.426,40.414,45.355,35.495,17.071,32.361,35.495,28.028,30,21.18,41.623,50.311,32.361,38.284,49.051,50.311,51.231,30,24.142,27.464,50.804,43.541,32.804,50.262,45.609,57.17,61.662,47.802,21.18,42.016,49.357,25.811,38.601,28.028,37.074,31.26,30.616,39.206,41.064,35.06,52.485,37.803,46.878,23.153,22.042,42.016,48.639,43.287,29.313,21.705,17.211,18.944,24.318,38.018,49.051,58.052,69.816,59.244,58.877,42.28,30.809,38.636,59.679,36.077,33.022,37.019,40.61,36.833,40.871,52.19,46.715,41.78,48.419,29.723,23.038,24.036,22.042,34.187,22.369,32.023,15.099,47.483,24.866,18.544,19.22,13.162,16,14.243,19,20.817,16.403,23.892
31.024,46.249,45.355,56.098,30.616,30.616,21.213,22.207,46.401,24.142,25,43.541,36.926,50.311,56.098,41.623,35,20,21.18,39.155,49.051,57.17,67.009,57.434,64.083,42.016,28.028,34.698,54.721,32.361,21.18,34.207,43.061,55.277,55.541,30.591,40,57.434,65.172,42.016,58.301,48.21,57.096,47.108,28.439,28.111,23.416,17.28,32.804,37.166,40.083,19.899,35.495,52.544,60.774,60.329,49.85,38.844,36.019,26.279,37.203,18.944,30.248,37.459,59.93,47.014,75.069,47.643,27.263,28.028,51.146,53.417,50.804,55.222,58.6,40.083,43.734,51.049,47.054,48.275,45.228,15.831,24.318,31.024,38.284,45.777,42.985,16.325,26.155,30.248,41.401,38.071,36.077,33.77,36.476,33.087,39.428,39.017,34,42.062
41.575,46.069,55.044,60.537,23.928,29.849,22.207,26.249,58.104,36.249,34.166,50.792,36.907,43.377,52.942,33,23.928,20.44,27.72,51.34,51.881,58.104,68.898,65.579,69.615,47.336,35.179,41.575,64.009,44.482,32.847,46.069,53.932,66.294,67.385,28.788,35.08,48.328,68.83,44.986,58.166,44.015,52.059,39.017,16.403,19.434,23.153,19.487,35.318,47.216,51.785,27,39.547,59.041,66.648,63.009,48.013,41.064,31.954,21.402,29.105,30.518,41.064,44.366,72.129,59.204,78.505,56.174,37.295,39.967,63.235,55.804,52.802,56.861,60.448,49.013,53,61.788,57.265,56.39,56.325,16.403,17.211,22.042,31.84,35.71,40.806,28.358,27.889,41.89,34.515,34.187,30.616,32.627,34.207,30,36.627,33.77,29.723,36.249
27.804,57.424,25,50,60,52.426,46.401,58.104,32.016,35,45.355,35.495,53.012,74.031,70.415,70.208,68.31,50.311,50,21.18,51.231,60.99,65,36.926,51.231,41.623,38.284,36.926,30.125,25,35.298,31.932,18.246,21.18,19.434,63,63.151,84.33,58.26,48.079,64.571,67.14,75.368,73.655,63.712,64.342,57.17,52.755,59.649,25.264,16.325,42.757,44.132,41.064,47.855,58.042,63.226,48.949,59.518,56.043,66.08,41.064,39.411,53.463,28.385,24.318,66.294,31.024,32.204,28.439,18.246,54.721,54.385,57.854,59.366,28.974,27.117,20,22.166,33.022,16,52.059,57.011,62.697,64.452,76.068,59.93,40.083,48.288,35,67.28,60.329,61.624,53.932,56.861,56.669,59.204,63.075,58.795,65.973
25.556,53.29,39.155,57.17,43.541,40.414,24.142,36.249,35,25.495,21.18,42.016,45,62.202,65,54.721,49.051,32.361,25,25.811,52.72,62.202,70.415,53.012,63.151,43.541,30.616,35.495,48.471,20,18.062,20.296,34.352,45.355,43.377,38,51.231,70.415,66.604,46.401,64.342,58.374,67.428,59.769,42.558,40.463,32.361,28.788,35.298,31.401,29.105,27.263,39.833,51.11,59.578,63.226,58.042,44.525,47.108,39.069,50.249,16.325,19.487,32.672,46.235,33.022,76.287,43.422,24.765,18.062,38.16,57.17,55.222,59.649,62.555,36.173,38.601,42.016,39.547,44.713,35.71,29.849,38.018,44.67,50.497,59.396,52.048,18.944,35.318,17.071,53.658,48.833,47.947,43.242,46.346,43.956,49.319,50.522,45.44,53.681
36.401,60.289,50.311,67.009,45.355,45.355,25,34.166,45.355,21.18,33.541,52.426,51.231,65.227,70.828,56.098,48.079,35,17.071,35,61.478,70.415,79.462,64.083,73.64,53.012,39.155,45,59.649,30.616,27.029,25.524,45.468,56.098,53,28.682,55,71.847,76.4,54.721,72.032,63.151,72.073,61.788,40.414,34.759,25,24.765,24.318,42.45,39.833,33.087,48.013,61.624,70.108,72.434,64.342,52.154,51.012,41.145,51.773,18.062,18.062,23,53.681,40.083,86.217,54.407,34.759,29.235,47.121,65.946,63.666,68.138,71.294,47.014,49.661,53.012,50.719,55.607,46.688,28.682,38.636,45.171,53.186,59.649,57.676,24.318,40.594,21.18,56.271,53.046,51.049,48.471,51.304,48.053,54.283,54.011,49,57.043
26.643,33.431,21.18,25.811,45.355,35.495,43.541,50.792,35.495,42.016,52.426,15,32.361,53.012,46.056,52.72,55.277,40.414,53.012,40.414,25.811,35.495,40.414,25,31.213,17.071,25.811,19.22,25.652,36.926,35.495,47.162,27.263,35,42.696,64.12,43.541,64.083,35.08,24.142,39.12,44.713,51.869,54.294,54.102,59.729,56.957,50.719,65,22.369,33.022,34.352,23.601,19.22,27.692,33.195,39.206,26.643,41.016,43.015,49.56,44.713,51.049,64.672,53.681,48.013,44.482,17.211,27.692,34.698,43.734,29.235,28.974,32.361,34.021,17.071,18.544,30.248,24.765,16.325,29.647,47,46.056,49.205,46.401,59.041,37.803,39.411,34,47.216,48.484,40.871,43.838,35.298,37.313,39.12,38.653,44.015,41.321,46.235
36.401,19.434,42.016,35.495,25.811,17.071,36.926,36.907,53.012,45,51.231,32.361,11.18,31.213,30,30.616,35.495,28.028,48.079,52.72,25.811,31.213,42.016,46.401,45.355,25.811,25.811,26.279,48.013,46.401,37.019,54.283,45.468,56.098,61.856,54.822,21.18,42.016,42.696,20,31.633,24.318,33.087,31.954,37.295,46.235,48.013,41.906,59.244,37.803,48.079,28.248,19.22,37.295,43.061,36.42,23.153,16.083,19.055,25.811,28.028,43.541,54.102,64.12,71.057,61.624,52.059,39.53,33.087,41.78,60.774,29.235,26.125,30,33.601,35.495,39.206,51.11,45.468,38.636,48.288,36.627,30,29.925,24.318,36.926,17.28,37.295,20.77,52.012,26.155,18.544,22.042,14.472,15.099,18.246,16.403,21.705,20.05,23.892
56.872,31.19,63.151,51.231,30,32.361,50.311,43.377,74.031,62.202,65.227,53.012,31.213,32.016,25.811,21.18,32.361,40.414,60,72.65,41.623,40,50.311,65.902,60.99,46.056,46.056,47.483,68.523,65.902,54.944,72.298,66.639,77.268,83,61.662,21.18,21.18,55.044,39.155,37.166,19.22,20.63,15.657,39.411,50.162,56.53,52.048,68.694,58.918,68.822,45.114,40.414,56.098,59.729,48.053,27.117,36.401,25.232,34.083,24.318,58.836,70.208,77,91.841,81.589,62.24,60.22,53.046,60.99,81.61,42.558,39.833,41.145,44.015,56.69,60.329,72.29,66.639,59.092,69.464,47,37.019,31.378,22.042,23.601,25.264,53.417,37.313,69.203,19,23.892,24.318,30.248,27.205,28.385,24.866,21.705,26.763,18.544
55.354,23,57.17,39.155,39.155,35.495,56.098,52.942,70.415,65,70.828,46.056,30,25.811,30.414,35,45.355,46.401,67.009,71.847,31.213,25.811,35,56.098,48.079,39.155,45.355,43.838,60.249,65.902,57.011,74.195,62.326,71.033,78.476,71.717,28.028,35,40.806,32.361,22.166,19.22,17.28,31.024,50.804,61.313,65.543,59.98,77.417,55.31,66.303,48.118,36.926,46.125,47.59,34.042,17.28,31.84,31.024,41.78,36.173,63.339,74.07,83.546,88.791,80.605,47,52.802,52.579,61.478,78.542,30.248,28.439,27.889,29.925,51.593,54.418,66.303,60.774,51.231,65.009,54.598,45.777,42.202,32.023,39.069,23.153,57.17,40.265,72.008,30.518,28.788,32.472,32.361,29.647,33.409,26.763,29.416,33.259,27.692
52.45,35.179,61.478,55,21.18,28.028,41.623,33,70.208,54.721,56.098,52.72,30.616,21.18,35,29.155,21.18,32.361,50.311,67.009,45,46.401,57.434,67.009,65,46.401,42.016,45.355,68.31,60,48.275,65.009,63.6,75.192,79.527,50.792,20,25.811,60.636,40.414,44.54,26.125,31.401,16.083,28.439,39.12,46.056,42.14,58.166,55.804,64.452,38.601,39.155,57.854,63.085,53.738,33.409,36.683,21.705,25.652,14.472,50.497,61.865,67.219,87.156,75.803,68.941,59.769,48.184,55,77.179,47.216,44.132,46.674,50.025,54.777,58.765,70.208,64.708,59.041,66.4,37.459,27.464,21.045,16.325,16.325,28.111,45.777,31.932,61.478,15.099,22.166,18.944,27.464,25.524,23.892,25.033,19.055,21.662,18.246
50.706,42.696,62.202,60.99,20,30,35,23.928,68.31,49.051,48.079,55.277,35.495,32.361,45.355,21.18,30.414,28.028,41.623,63.151,51.231,54.721,65.902,70.208,70.828,50,41.623,46.674,70.208,56.098,44.059,59.204,62.802,75,77.742,40.15,28.028,35,67.871,45.355,53.566,36.173,42.45,27.088,18.062,28.248,36.173,33.409,48.013,55.31,62.154,35.554,42.016,62.01,68.421,61.264,42.45,41.257,27.088,22.649,19.22,43.838,54.777,58.052,83.878,71.522,76.851,61.788,46.235,51.231,74.405,54.272,51.11,54.385,57.927,55.607,59.729,70.166,65.027,61.478,65.462,29.723,21.402,16.083,23.601,22.042,35.942,40.414,31.587,55.222,24.866,28.788,24.318,31.213,30.881,27.263,31.932,26.643,25.524,27.692
32.847,37.459,45.355,50.311,21.18,21.18,20,20.44,50.311,32.361,35,40.414,28.028,40.414,46.401,32.361,28.028,15.811,30.616,45.355,42.016,49.051,59.497,55.277,59.244,36.926,25,31.213,54.045,38.284,26.279,42.65,45.114,57.434,59.739,36.907,30,48.079,58.826,35,49.661,38.284,47.121,37.514,24.142,29.698,30,23.892,41.305,37.893,44.132,17.616,29.235,48.601,56.239,53.278,40.463,31.26,26.031,16.708,27.889,28.439,39.833,47.336,65.973,53.932,68.6,46.014,28.385,33.345,56.4,46.125,43.242,47.483,51.012,39.069,43.136,52.72,47.855,46.125,47.696,18.602,16.708,22.728,28.439,37.203,33.409,23.416,17.81,39.155,31.587,28.111,26.125,24.318,26.763,23.153,29.647,29.026,24,32.091
38.231,57.424,52.72,66.569,40,41.623,21.18,27.72,50,25,17.071,53.012,48.079,60,67.009,50.311,41.623,30.616,32.016,40.414,60,68.31,78.007,65.902,74.031,52.426,38.284,44.713,62.202,35,27.889,31.932,48.833,60.249,58.26,23,50.311,65.902,75.795,53.012,69.481,58.836,67.559,56.174,33.77,27.692,18.062,18.246,22.042,44.54,44.059,30.809,46.401,62.202,70.605,71.221,60.922,49.962,46.497,36.077,46.125,19.22,25,27,59.98,46.401,85.69,56.065,35.554,32.361,52.755,64.406,61.865,66.303,69.641,48.471,51.629,56.69,53.681,57.011,50.447,23,33.022,39.275,48.013,53.417,53.966,23.601,37.313,27.464,51,48.639,46.125,44.785,47.363,43.734,50.262,49.205,44.366,52.107
26.492,59.031,32.361,56.098,56.098,50.311,39.155,51.34,21.18,25.811,35,40.414,52.72,72.65,71.847,67.009,63.151,45.355,40.414,31.623,55,65,70.828,46.056,59.244,45,36.926,38.284,39.833,17.071,29.105,20.77,25.264,32.361,28,53.29,61.478,82.111,65.082,50.311,68.078,67.009,75.788,71.294,57.434,56.239,48.079,44.54,49.115,28.111,18.062,38.425,44.928,47.947,55.695,63.6,64.571,50.025,57.508,51.773,62.631,32.136,28.439,42.311,30.809,18.944,73.906,38.231,29.698,22.042,22.369,59.041,58.01,62.01,64.148,33.345,33.409,30.616,30.809,40.083,24.866,44.986,51.773,58.083,61.865,72.37,59.98,33.022,45.511,24.142,64.918,58.765,59.092,52.485,55.618,54.418,58.332,61.108,56.325,64.203
39.275,20.44,36.926,20,41.623,32.361,49.051,51.881,51.231,52.72,61.478,25.811,25.811,41.623,31.213,45,51.231,42.016,60,55,18.028,20,28.028,35,30,20,32.361,27.464,39.069,50.311,44.928,60.01,42.985,50.311,58.466,68.728,35,52.72,27,17.071,23.342,32.472,37.803,44.525,52.953,61.313,61.624,55.255,71.847,37.074,48.21,39.206,23.601,25,28.248,21.314,25.264,20.817,34.331,41.305,43.242,53.417,62.202,74.413,69.481,63.151,36.627,31.954,38.16,46.878,59.477,14.472,13.162,17.071,19.849,32.361,34.352,45.777,40.463,30.248,45.44,50.361,45.355,45.735,39.069,51.049,27.117,47.216,34.207,59.041,40.017,33.087,37.295,30.248,30.396,34.042,30.025,36.019,35.71,37.074
49.205,22.207,46.401,24.142,46.056,38.284,57.17,58.104,60.99,62.202,70.415,35.495,31.213,40,25.811,46.401,54.721,49.051,68.31,65,20,26.926,21.18,42.016,32.361,30,41.623,37.295,47.216,60.249,54.272,69.841,52.755,59.244,67.871,75.947,36.926,50.311,25.133,25.811,14.243,31.095,33.087,44.234,58.01,67.385,69.034,62.802,79.893,47.054,58.166,47.59,32.472,32.472,32.204,18.246,23.153,28.358,37.785,46.878,45.847,62.393,71.685,83.41,79.123,73.127,32.561,41.016,47.855,56.69,69.228,16.325,17.071,13.162,14.123,42.249,43.956,54.944,49.85,39.155,55.122,57.634,51.11,49.962,41.385,51.773,28.788,56.098,41.401,68.694,41.321,35.942,40.414,35.495,34.413,38.601,32.825,38.231,39.682,38.16
56.174,33.324,50,25,57.17,49.051,67.009,68.898,65,70.415,79.462,40.414,42.016,50.311,35,57.434,65.902,59.497,78.007,70.828,28.028,21.18,36.056,41.623,28.028,36.926,50.311,44.928,48.079,67.009,62.773,77.052,57.043,60.99,70.531,86.381,48.079,60,18.602,35,23.153,41.78,42.062,54.911,69.076,78.25,79.354,73.032,89.812,52.755,63.339,57.202,41.623,34.083,29.698,17.28,34.042,38.32,48.949,57.802,57.011,71.4,79.857,92.365,82.339,78.264,22,44.015,55.695,64.083,73.032,23.601,26.279,22.042,18.485,47.483,48.053,57.381,53.046,42.016,59,68,62.01,61.108,52.544,62.631,39.967,65.227,51.725,76.483,52.379,47.121,51.593,46.401,45.511,49.661,44,49.395,50.817,49.217
37.785,44.986,24.142,28.028,60.249,50.311,57.434,65.579,36.926,53.012,64.083,25,46.401,65.902,56.098,67.009,70.208,55.277,65.902,46.056,35,42.016,41.623,30,25,30.616,40.414,34.083,17.071,45.355,48.013,55.343,30.809,30,40.067,77.779,57.434,77.082,33.537,36.926,46.235,57.011,62.802,67.94,69.076,74.327,70.745,64.708,77.602,31.633,38.018,48.833,38.284,20,22.166,35.942,50.224,40.364,55.354,58.01,64.129,57.011,60.99,75.299,52.107,51.231,40.067,19.849,40.463,45,43.956,36.173,37.659,39.069,38.844,27.464,24.422,27.464,25.264,19.22,31.471,61.42,61.039,64.148,60.695,73.325,50.719,52.544,49,56.69,62.498,54.922,58.27,49.812,51.485,53.738,52.379,58.083,55.891,59.98
47.643,40.15,36.926,20,60.99,51.231,64.083,69.615,51.231,63.151,73.64,31.213,45.355,60.99,48.079,65,70.828,59.244,74.031,59.244,30,32.361,28.028,25,33.541,32.361,46.056,39.411,32.023,57.17,56.69,67.454,44.176,45,55.044,84.626,55,71.847,19.434,35.495,36.42,51.773,55.31,64.332,71.685,78.942,77.417,71.057,86.059,42.45,51.231,54.418,40.083,22.042,13.606,24.422,43.956,39.614,54.181,60,63.151,65.902,72.008,85.822,67.079,65.362,25.133,31.024,48.897,55.607,58.662,28.439,31.213,30.248,28.358,37.203,35.942,42.249,39.12,29.235,45.44,66.824,63.759,65.109,59.041,71.033,47.054,60.448,51.785,68.009,60.01,53.046,57.17,49.623,50.2,53.566,50.012,56.011,55.398,57.043
29.416,26.401,28.028,24.142,40,30,42.016,47.336,41.623,43.541,53.012,17.071,25.811,46.056,39.155,46.401,50,36.926,52.426,45,20,30,36.926,30.616,32.361,11.18,24.142,18.062,32.472,40.414,36.077,50.262,33.409,42.016,49.357,62.431,36.926,57.17,33.431,17.071,33.195,37.659,44.828,47.577,49.812,56.615,55.222,48.833,64.452,27.117,38.284,32.204,18.062,22.042,29.313,29.698,32.204,19.849,34.739,38.284,43.541,45,52.953,65.758,59.98,53.186,43.302,24.213,28.788,37.203,49.85,24.142,23.038,27.029,29.416,22.649,25.264,37.203,31.633,23.038,36,44.482,41.78,44.015,40.083,52.72,30.809,39.069,29.647,49.56,41.953,34.352,37.659,29.235,30.881,33.195,31.932,37.514,35.318,39.547
20.817,33,30.616,38.284,32.361,24.142,28.028,35.179,38.284,30.616,39.155,25.811,25.811,46.056,45.355,42.016,41.623,25,38.284,36.926,32.361,41.623,50.311,40.414,46.056,24.142,5,16.708,39.069,30.616,22.649,39,31.633,43.541,47.537,48.588,35,56.098,47.537,25.811,43.734,40.083,48.897,45.384,39.069,43.956,41.385,35.06,50.311,23.892,32.804,18.544,19.22,34.597,42.757,43.287,38.16,24.036,31.26,28.974,38.018,31.095,40.083,52.059,55.804,45.847,57.424,31.024,17.28,26.125,45.609,36.833,34.698,39.155,42.202,24.142,28.248,38.636,33.409,31.213,34.413,31.19,31.213,35.632,36.173,48.013,33.087,25,20.296,37.295,39,32.204,33.345,25.811,28.868,28.385,31.471,34.839,30.518,37.803
22,30.881,26.125,32.023,36.926,27.464,34.698,41.575,36.926,35.495,45,19.22,26.279,47.483,43.838,45.355,46.674,31.213,44.713,38.284,27.464,37.295,44.928,34.083,39.411,18.062,16.708,6.3246,33.537,33.022,28.028,42.558,29.209,40,45.609,55.277,37.019,58.166,41.401,22.042,40.017,40.232,48.471,47.802,45.014,50.522,48.079,41.765,56.755,21.662,32.472,25.232,17.211,27.889,36.077,37.731,36.571,22.083,33.854,34.187,41.78,37.019,44.928,57.707,55.177,46.878,51.231,25.133,20.77,29.416,44.886,31.84,30.224,34.515,37.203,19.434,23.416,35,29.416,25,32.023,37.857,37,40.594,39.155,51.593,33.022,31.213,25.133,41.623,41.623,34.207,36.42,28.028,30.616,31.471,32.627,37.203,33.707,39.833
34.042,48.288,19.487,33.77,60.448,50.804,54.721,64.009,30.125,48.471,59.649,25.652,48.013,68.523,60.249,68.31,70.208,54.045,62.202,39.833,39.069,47.216,48.079,17.071,32.023,32.472,39.069,33.537,29.833,40,44.482,49.623,24.866,23.038,33.022,74.56,59.193,79.642,40.265,39.411,51.34,60,66.586,69.942,68.138,72.29,67.723,61.971,73.561,27.72,31.932,47.014,39.155,24.765,29.026,41.953,53.863,42.249,56.615,57.676,65.027,53.081,55.804,70.216,45.057,44.438,47.121,18.544,37.459,40.414,36.926,41.064,42.016,44.132,44.438,25,21.045,20.44,19.22,19.434,25,59.254,60.249,64.129,62,74.622,53.267,49.294,48.639,51.4,64.129,56.519,59.396,50.853,52.953,54.598,54.294,59.659,56.819,61.884
21.045,53.29,31.213,52.72,49.051,43.541,32.361,44.482,25,20,30.616,36.926,46.401,65.902,65.902,60,56.098,38.284,35,17.071,50.311,60.249,67.009,45.355,57.17,40.414,30.616,33.022,40,25.495,22.042,20.296,25.264,35.495,33.537,48,54.721,75.192,62,45,63.038,60.596,69.481,64.378,50.497,49.85,42.249,38.16,44.928,24.765,19.22,31.401,39.155,45.355,53.566,59.729,58.662,44.234,50.706,44.713,55.607,26.125,25.811,40.232,37.803,25.811,71.27,36.401,23.342,15,28.788,54.553,53.186,57.381,59.82,30.125,31.401,32.472,30.809,38.018,26.155,38.178,44.713,51.012,54.944,65.317,53.681,26.125,38.653,21.402,58.021,52.048,52.19,45.847,49,47.59,51.785,54.294,49.446,57.413
20.44,45.228,35,50,37.203,32.804,21.18,32.847,35.298,18.062,27.029,35.495,37.019,54.944,57.011,48.275,44.059,26.279,27.889,29.105,44.928,54.272,62.773,48.013,56.69,36.077,22.649,28.028,44.482,22.042,17.464,27.464,32,44.132,44.54,40.083,43.838,63.712,59.406,38.46,56.325,50.608,59.649,52.942,38.653,39.275,33.345,28,39.682,26.763,28.974,19.849,31.84,44.713,53.186,55.651,50.012,36.476,39.732,32.804,43.838,19.22,27.464,39.682,49.825,37.659,69.203,38.178,17.81,17.211,40.529,49.395,47.336,51.785,54.777,30.591,33.77,40,36.306,39.155,34.083,26.763,32.672,39,43.541,53.417,44.132,15,27.72,25,46.674,41.321,40.871,35.495,38.636,36.571,41.575,43.242,38.231,46.401
30.881,62,41.241,62.924,53.829,50.262,34.207,46.069,31.932,20.296,25.524,47.162,54.283,72.298,74.195,65.009,59.204,42.65,31.932,20.77,60.01,69.841,77.052,55.343,67.454,50.262,39,42.558,49.623,20.296,27.464,34,34.759,43.106,38.284,44.205,61.245,80.682,72.241,54.283,72.394,68.052,77.082,70.008,52.45,49.115,39.967,37.803,39.017,35.06,27.804,37.203,48.053,55.651,63.852,69.775,67.079,53.012,57.127,49.357,60.537,25.556,18,31.541,38.16,24.56,81.554,46.62,32.091,23.153,32.023,64.342,62.773,67.07,69.666,40.414,41.623,41.064,40.414,48.275,35,39.732,48.275,54.944,60.695,69.682,61.478,29.235,45.171,14.472,63.852,58.765,58.104,52.953,56.098,53.966,59.031,60.596,55.541,63.759
22.369,49.357,17.28,42.062,53.909,45.609,43.061,53.932,18.246,34.352,45.468,27.263,45.468,66.639,62.326,63.6,62.802,45.114,48.833,25.264,42.985,52.755,57.043,30.809,44.176,33.409,31.633,29.209,24.866,25.264,32,34.759,24.759,22.369,26.401,61.624,55.967,77.179,50.608,39.967,56.325,59.406,67.454,66.639,59.041,61.157,55.177,50,59.649,17.81,17.211,37.514,36.401,33.345,40.676,50,55.177,41.064,52.521,50.249,59.649,39.614,41.064,55.486,36.571,31.378,59.041,23.342,26.763,26.492,26.492,46.497,46.139,49.623,51.195,20.77,19,18,15.657,25.297,12.828,48.328,51.785,56.957,57.634,69.641,52.202,37,41.906,36.627,60.329,53.139,54.822,46.797,49.598,49.825,51.773,56.011,52.012,58.795
34.739,58.415,24.142,46.401,65.902,57.17,55.277,66.294,21.18,45.355,56.098,35,56.098,77.268,71.033,75.192,75,57.434,60.249,32.361,50.311,59.244,60.99,30,45,42.016,43.541,40,23.038,35.495,44.132,43.106,22.369,36.056,20.198,73.198,67.009,88.102,53.29,49.051,63.226,69.414,76.843,77.801,71.4,73.388,67.009,62.086,70.415,29.698,26.279,49.85,46.878,37.203,42.062,54.643,64.203,51.012,63.824,62.393,71.4,51.11,50.497,64.626,32.204,34.083,60.04,28.358,39.12,38.018,25.264,52.953,53.417,56.098,56.819,30.616,26.971,15,20.63,30.125,20.05,60.636,64.083,69.093,69.076,81.344,62.326,49.115,53.829,46.056,71.612,64.203,66.303,58.01,60.606,61.313,62.498,67.201,63.535,69.816
37.203,65.57,31.541,55.706,69.405,61.662,55.541,67.385,19.434,43.377,53,42.696,61.856,83,78.476,79.527,77.742,59.739,58.26,28,58.466,67.871,70.531,40.067,55.044,49.357,47.537,45.609,33.022,33.537,44.54,38.284,26.401,20.198,41.037,71.205,72.241,93.451,63.085,56.141,71.685,75.803,83.783,82.835,73.071,73.325,65.731,61.662,67.079,34.083,25.652,52.19,52.802,46.497,52,63.935,71.4,57.434,68.694,65.471,75.437,49.623,46.222,59.477,22.042,26.125,70.133,36.926,41.623,37.514,16.708,61.546,61.624,64.708,65.785,36.926,34.166,23.153,28.028,38.862,23.601,61.264,66.436,72.129,73.702,85.432,68.6,49.217,57.634,42.062,76.483,69.414,70.877,63.038,65.902,65.902,68.138,72.225,68.052,75.069
50.522,64.203,65.082,76.4,42.696,47.802,30.591,28.788,63,38,28.682,64.12,54.822,61.662,71.717,50.792,40.15,36.907,23,53.29,68.728,75.947,86.381,77.779,84.626,62.431,48.588,55.277,74.56,48,40.083,44.205,61.624,73.198,71.205,41.4,53.863,65.082,85.286,61.662,76.4,62.802,70.745,56.872,32.361,22,17.211,23.601,18.944,56.84,57.043,40.232,55.453,73.135,81.344,80.036,66.604,58.083,50.706,40.017,47.363,32.091,36.571,31.401,72.362,58.765,95.147,67.94,47.336,45.228,65.579,72.936,70.108,74.382,77.897,60.329,63.759,69.54,66.294,68.694,63.339,28.385,35.942,40.364,50.497,52.048,59.396,35.298,44.655,39.833,53.012,52.942,49.395,50.804,52.72,48.588,55.277,52.544,48.471,54.944
45.805,25.297,53.012,45,21.18,21.18,40,35.08,63.151,51.231,55,43.541,21.18,21.18,28.028,20,28.028,30,50.311,61.478,35,36.926,48.079,57.434,55,36.926,35,37.019,59.193,54.721,43.838,61.245,55.967,67.009,72.241,53.863,21.213,31.213,50.792,30.616,35.554,18.944,27.263,20.817,32.804,43.287,47.947,42.757,60,48.184,57.802,34.042,30.248,48.079,53.105,43.956,24.422,27.088,14.123,24.318,18.944,48.21,59.497,67.219,80.803,70.415,59.336,50.706,41.906,49.812,70.605,37.295,34.187,36.926,40.364,46.401,50.224,62.01,56.4,49.812,58.795,37.459,28.028,24.213,14.472,26.125,18.246,42.558,26.155,58.27,15.099,12.828,14.472,19.22,16.403,17.28,15.099,11.414,16,12.828
66.851,42.311,74.031,62.202,36.926,42.016,57.434,48.328,84.33,70.415,71.847,64.083,42.016,21.18,35,25.811,35,48.079,65.902,82.111,52.72,50.311,60,77.082,71.847,57.17,56.098,58.166,79.642,75.192,63.712,80.682,77.179,88.102,93.451,65.082,31.213,42.426,65.444,50.311,47.054,30.248,28.111,20.817,43.015,53.105,61.088,57.676,73.008,69.397,78.884,53.909,51.231,67.271,70.729,58.508,37.893,47.443,34.839,41.385,30.248,66.303,77.676,82.691,101.83,90.994,72,71.294,62.802,70.208,91.688,53.417,50.804,51.773,54.407,67.489,71.221,83.11,77.476,70.208,80.007,53.174,43.242,36.683,30.248,23.038,36.42,61.478,46.62,77.231,27.205,34.042,33.022,40.414,37.586,37.803,35.612,31.26,35.807,28.385
51.593,35.495,43.377,19.434,58.466,49.357,65.172,68.83,58.26,66.604,76.4,35.08,42.696,55.044,40.806,60.636,67.871,58.826,75.795,65.082,27,25.133,18.602,33.537,19.434,33.431,47.537,41.401,40.265,62,59.406,72.241,50.608,53.29,63.085,85.286,50.792,65.444,33.971,33.854,28.682,46,48.079,59.041,69.933,78.264,78.118,71.717,87.795,47.336,57.297,55.277,39.833,27.263,21.402,17,38,37.785,50.804,58.301,59.477,68.412,75.863,89.057,75.031,71.984,19.899,37.295,51.881,59.649,66.08,23.601,26.763,24.036,21.045,41.953,41.78,50.012,46.125,35.318,52.297,67.009,62.355,62.555,55.122,66.321,42.558,62.498,51.049,72.177,55.541,49.294,53.681,47.162,47,50.853,46.139,51.976,52.379,52.426
34.021,19.434,35,25.811,35.495,25.811,42.016,44.986,48.079,46.401,54.721,24.142,20,39.155,32.361,40.414,45.355,35,53.012,50.311,17.071,25.811,35,36.926,35.495,17.071,25.811,22.042,39.411,45,38.46,54.283,39.967,49.051,56.141,61.662,30.616,50.311,33.854,11.18,28.111,30.616,37.803,41.016,46.401,54.418,54.553,48.184,64.818,33.087,44.205,32.204,16.708,27.464,33.087,28.385,25.264,14.123,29.026,34.698,38.018,46.674,55.88,67.697,66.462,58.836,43.601,31.26,32.204,41.145,56.239,21.402,18.944,23.416,26.643,29.235,32.204,44.205,38.601,30,42.65,43.302,38.636,39.614,34.187,46.674,23.892,40.414,27.205,52.953,35.71,28.248,32.023,24.142,25.033,28.111,25.524,31.378,30.025,33.087
52.012,22.207,50.162,28.385,45.468,38.601,58.301,58.166,64.571,64.342,72.032,39.12,31.633,37.166,22.166,44.54,53.566,49.661,69.481,68.078,23.342,14.243,23.153,46.235,36.42,33.195,43.734,40.017,51.34,63.038,56.325,72.394,56.325,63.226,71.685,76.4,35.554,47.054,28.682,28.111,28.862,28.682,29.416,41.78,57.508,67.28,69.641,63.535,80.831,50.311,61.478,49,34.515,36.627,36.401,22.083,21.18,29.925,37.019,46.797,44.482,64.083,73.789,85.027,82.801,76.37,35.08,44.928,50.311,59.254,72.817,20.296,20.198,17.211,18.062,45.693,47.643,58.847,53.658,43.106,58.765,58.26,51.037,49.205,40.017,49.56,27.804,57.76,42.249,71,39.547,35,39.411,35.612,34.042,38.284,32.023,36.926,39.069,36.401
50.719,22.083,55.277,42.016,30.125,28.028,48.21,44.015,67.14,58.374,63.151,44.713,24.318,19.22,19.22,26.125,36.173,38.284,58.836,67.009,32.472,31.095,41.78,57.011,51.773,37.659,40.083,40.232,60,60.596,50.608,68.052,59.406,69.414,75.803,62.802,18.944,30.248,46,30.616,28.682,25.495,19.055,23.153,41.623,52.19,56.819,51.485,68.822,51.881,62.355,41.145,33.022,47.121,50.522,39,18,28.439,22.369,33.087,26.971,56,67.079,75.62,85.293,75.924,53.566,51.869,47.336,55.88,75,33.345,30.616,32.023,35.02,49.051,52.45,64.489,58.836,50.608,62.202,46.139,36.926,33.022,22.806,30.881,17.211,50.05,33.087,65.444,21.402,20.198,23.416,25.133,22.042,25.133,19.055,20.296,24.56,18.485
59.396,28.439,62.802,46.235,38.16,37.074,57.096,52.059,75.368,67.428,72.073,51.869,33.087,20.63,17.28,31.401,42.45,47.121,67.559,75.788,37.803,33.087,42.062,62.802,55.31,44.828,48.897,48.471,66.586,69.481,59.649,77.082,67.454,76.843,83.783,70.745,27.263,28.111,48.079,37.803,29.416,19.055,34.176,26.279,48.91,59.659,65.082,60.01,77.186,60.12,70.836,50.2,41.305,52.802,54.721,41.321,22.728,36.42,31.095,41.575,33.707,65.009,76.121,84.431,93.648,84.673,54.045,58.836,56.174,64.818,83.355,37.295,35.239,35.08,37.203,56.872,60,72.008,66.4,57.381,70.208,54.721,45.171,40.463,30.248,34.207,25.811,59.092,42.14,74.498,27.889,29.026,31.587,34.187,31.095,34.021,28.111,28.439,33.195,25.811
56.098,34.187,63.824,54.407,26.492,31.26,47.108,39.017,73.655,59.769,61.788,54.294,31.954,15.657,31.024,16.083,27.088,37.514,56.174,71.294,44.525,44.234,54.911,67.94,64.332,47.577,45.384,47.802,69.942,64.378,52.942,70.008,66.639,77.801,82.835,56.872,20.817,20.817,59.041,41.016,41.78,23.153,26.279,31.89,34.515,45.171,52.107,48.053,64.231,58.836,68.138,43.121,41.064,58.384,62.773,52.048,31.095,37.731,24.142,30.881,20.05,55.88,67.28,73.127,91.056,80.178,66.719,61.478,52.012,59.396,80.937,46.056,43.136,45.014,48.118,57.202,61.039,72.801,67.201,60.537,69.464,43.242,33.195,27,19.434,18.062,27.464,50.853,35.807,66.648,16.403,23.601,22.207,29.849,27.205,27.029,25.652,20.63,25,18.062
46.688,45.805,59.497,62.202,22.042,30.616,28.439,16.403,63.712,42.558,40.414,54.102,37.295,39.411,50.804,28.439,18.062,24.142,33.77,57.434,52.953,58.01,69.076,69.076,71.685,49.812,39.069,45.014,68.138,50.497,38.653,52.45,59.041,71.4,73.071,32.361,32.804,43.015,69.933,46.401,57.508,41.623,48.91,34.515,29.155,20.77,28.111,25.652,40,51.976,57.424,31.587,41.78,61.788,68.941,63.712,46.77,42.311,30.518,21.705,25.232,36.907,47.443,50.025,78.242,65.444,79.354,60.01,42.28,45.847,69.169,56.53,53.417,57.17,60.774,53.186,57.265,66.754,61.971,60.01,61.546,22.728,18.062,18.602,28.868,30.1,39.732,34.413,30.224,48.288,31.024,32.627,28.439,32.825,33.601,29.416,35.495,31.401,28.439,33.324
49.013,55.277,63.085,69.942,32.204,39.206,28.111,19.434,64.342,40.463,34.759,59.729,46.235,50.162,61.313,39.12,28.248,29.698,27.692,56.239,61.313,67.385,78.25,74.327,78.942,56.615,43.956,50.522,72.29,49.85,39.275,49.115,61.157,73.388,73.325,22,43.287,53.105,78.264,54.418,67.28,52.19,59.659,45.171,20.77,35.468,20,21.705,30.396,55.011,58.052,35.495,48.91,68.189,75.924,72.426,56.861,50.497,40.61,30.518,36,34.166,42.65,41.78,76.641,63.235,87.936,64.745,45.014,45.903,68.523,65.218,62.202,66.223,69.816,57.381,61.245,69.135,65,65.109,63.339,23.038,26.279,29.235,39.53,40.067,49.699,34.331,37.295,44.67,41.78,42.802,38.844,41.89,43.242,39,45.468,41.906,38.425,44
43.734,57.434,58.27,69.203,36.926,41.064,23.416,23.153,57.17,32.361,25,56.957,48.013,56.53,65.543,46.056,36.173,30,18.062,48.079,61.624,69.034,79.354,70.745,77.417,55.222,41.385,48.079,67.723,42.249,33.345,39.967,55.177,67.009,65.731,17.211,47.947,61.088,78.118,54.553,69.641,56.819,65.082,52.107,28.111,20,34.205,16.403,22.166,50.025,51.049,33.022,48.288,65.946,74.14,72.936,60.12,51.037,44.54,33.77,42.249,26.125,33.022,32.136,67.94,54.385,87.987,60.922,40.364,39,60.448,65.866,63.075,67.385,70.877,53.324,56.84,63.151,59.649,61.624,57.043,21.402,29.925,35.179,44.928,48.21,52.942,28.439,37.659,35.495,47.656,46.77,43.526,44.132,46.235,42.202,48.91,46.688,42.311,49.294
38.16,51.34,52.579,62.802,32.091,35.06,17.28,19.487,52.755,28.788,24.765,50.719,41.906,52.048,59.98,42.14,33.409,23.892,18.246,44.54,55.255,62.802,73.032,64.708,71.057,48.833,35.06,41.765,61.971,38.16,28,37.803,50,62.086,61.662,23.601,42.757,57.676,71.717,48.184,63.535,51.485,60.01,48.053,25.652,21.705,16.403,27.803,27.464,44.366,46.497,26.643,41.89,59.649,67.801,66.569,54.283,44.713,39.12,28.439,38.018,22.53,32.023,35.08,65.009,51.677,81.589,54.922,34.515,34.331,56.819,59.518,56.755,61.088,64.562,47.363,51,58,54.181,55.541,52.048,15.385,25.033,31.095,40.15,45.171,47.162,23,31.401,33.431,43.061,41.321,38.443,38.178,40.463,36.571,43.242,41.575,36.926,44.366
49.825,68.669,64.129,78.593,49.051,52.485,32.804,35.318,59.649,35.298,24.318,65,59.244,68.694,77.417,58.166,48.013,41.305,22.042,49.115,71.847,79.893,89.812,77.602,86.059,64.452,50.311,56.755,73.561,44.928,39.682,39.017,59.649,70.415,67.079,18.944,60,73.008,87.795,64.818,80.831,68.822,77.186,64.231,40,30.396,22.166,27.464,43.932,56.065,54.147,42.65,58.27,74.203,82.622,83.11,71.741,61.614,56.487,45.735,54.407,30.591,31.024,22.728,66.719,53.29,97.693,67.801,47.443,43.242,61,76.219,73.6,78.007,81.4,60.249,63.235,67.28,64.781,68.83,60.961,32.847,42.016,47.336,57.074,60.04,64.626,35.612,48.588,35.02,59.82,58.703,55.607,55.618,57.927,54.011,60.695,58.765,54.272,61.42
16.325,42.311,18.246,38.16,46.235,37.803,37.166,47.216,25.264,31.401,42.45,22.369,37.803,58.918,55.31,55.804,55.31,37.893,44.54,28.111,37.074,47.054,52.755,31.633,42.45,27.117,23.892,21.662,27.72,24.765,26.763,35.06,17.81,29.698,34.083,56.84,48.184,69.397,47.336,33.087,50.311,51.881,60.12,58.836,51.976,55.011,50.025,44.366,56.065,16.971,21.18,30.396,28.868,30.591,38.844,45.511,48.079,33.707,44.713,42.696,51.881,35.495,39.732,53.863,43.541,36.077,56.519,22.042,20,23.454,33.259,41,40.15,44.015,46.056,15.385,17.211,24.866,20.05,23.454,20.63,42,44.482,49.395,49.825,61.865,44.67,31.587,34.187,35.612,52.521,45.355,47.014,39,41.828,42.016,44.059,48.21,44.205,51.012
22.042,53.324,24.318,48.471,54.045,46.878,40.083,51.785,16.325,29.105,39.833,33.022,48.079,68.822,66.303,64.452,62.154,44.132,44.059,18.062,48.21,58.166,63.339,38.018,51.231,38.284,32.804,32.472,31.932,19.22,28.974,27.804,17.211,26.279,25.652,57.043,57.802,78.884,57.297,44.205,61.478,62.355,70.836,68.138,57.424,58.052,51.049,46.497,54.147,21.18,26.926,36.627,39.547,40.083,47.696,56.174,59.041,44.54,54.045,50,60.249,35,34.597,48.949,33.022,25,65.973,30.248,26.279,22.166,22.806,52.048,51.304,55.1,57,26,25.524,23.416,22.806,32.136,17.211,45.735,50.817,56.615,58.836,70.208,55.177,33.77,42.527,30.125,61.74,55,56.011,48.601,51.617,51.11,54.102,57.634,53.186,60.606
25.232,37.203,38.071,46.235,27.692,23.153,19.899,27,42.757,27.263,33.087,34.352,28.248,45.114,48.118,38.601,35.554,17.616,30.809,38.425,39.206,47.59,57.202,48.833,54.418,32.204,18.544,25.232,47.014,31.401,19.849,37.203,37.514,49.85,52.19,40.232,34.042,53.909,55.277,32.204,49,41.145,50.2,43.121,31.587,35.495,33.022,26.643,42.65,30.396,36.627,11.314,25.62,43.106,51.183,50.46,41.401,29.235,29.925,23.454,34.207,25.297,36,46.056,58.795,47.202,65.172,39.275,20.77,26.401,49.051,43.601,41.064,45.511,48.833,32.023,36,45.171,40.414,39.614,40.083,22.649,24.318,30,33.707,43.971,35.02,19.055,18.062,34.331,36.833,31.587,31.024,26.031,29.105,26.763,32.091,33.409,28.385,36.571
28.439,24.142,32.804,31.095,32.023,22.042,35.495,39.547,44.132,39.833,48.013,23.601,19.22,40.414,36.926,39.155,42.016,29.235,46.401,44.928,23.601,32.472,41.623,38.284,40.083,18.062,19.22,17.211,39.155,39.155,31.84,48.053,36.401,46.878,52.802,55.453,30.248,51.231,39.833,16.708,34.515,33.022,41.305,41.064,41.78,48.91,48.288,41.89,58.27,28.868,39.547,25.62,4.4721,30.1,37.203,34.839,29.647,15.099,27.464,30.224,35.962,39.967,49.294,60.99,62.355,53.681,49.699,30.616,26,35,52.059,28.028,25.652,30.125,33.324,26.279,30,41.89,36.249,29.925,39.206,37.203,33.77,36,32.847,45.468,25.811,33.707,21.705,46.497,35.06,27.493,30.248,21.705,23.892,25.524,25.62,30.591,27.72,33.022
35.612,35.06,26.125,19.22,52.012,42.016,52.544,59.041,41.064,51.11,61.624,19.22,37.295,56.098,46.125,57.854,62.01,48.601,62.202,47.947,25,32.472,34.083,20,22.042,22.042,34.597,27.889,24.765,45.355,44.713,55.651,33.345,37.203,46.497,73.135,48.079,67.271,27.263,27.464,36.627,47.121,52.802,58.384,61.788,68.189,65.946,59.649,74.203,30.591,40.083,43.106,30.1,22.804,18.485,27.464,40.232,31.213,46.346,50.311,55.277,53.932,60,73.781,58.26,54.721,36,20.05,36.907,43.601,49,26.401,27.692,29.416,29.698,25.264,24.56,33.345,29,18.062,35.08,55.695,53.738,56.043,51.593,64.129,41.016,48.601,41.575,56.043,53.174,45.693,49.319,41.064,42.388,45.057,42.985,48.833,47.121,50.522
44.059,38.636,33.409,18.544,58.508,48.639,60.774,66.648,47.855,59.578,70.108,27.692,43.061,59.729,47.59,63.085,68.421,56.239,70.605,55.695,28.248,32.204,29.698,22.166,13.606,29.313,42.757,36.077,29.026,53.566,53.186,63.852,40.676,42.062,52,81.344,53.105,70.729,21.402,33.087,36.401,50.522,54.721,62.773,68.941,75.924,74.14,67.801,82.622,38.844,47.696,51.183,37.203,18.485,30.463,24.866,42.894,37.166,52.012,57.297,61.01,62.402,68.412,82.25,64.009,61.923,28.439,27.464,45.384,52.012,55.398,27.464,29.925,29.723,28.439,33.601,32.361,39.069,35.71,25.652,42.016,63.666,60.961,62.612,57.011,69.211,45.355,57.011,48.897,64.406,58.166,51.012,55.011,47.216,48.013,51.195,48.053,54.045,53.105,55.277
48.897,28.682,43.061,18.246,52.048,43.287,60.329,63.009,58.042,63.226,72.434,33.195,36.42,48.053,34.042,53.738,61.264,53.278,71.221,63.6,21.314,18.246,17.28,35.942,24.422,29.698,43.287,37.731,41.953,59.729,55.651,69.775,50,54.643,63.935,80.036,43.956,58.508,17,28.385,22.083,39,41.321,52.048,63.712,72.426,72.936,66.569,83.11,45.511,56.174,50.46,34.839,27.464,24.866,29.206,31,32.023,44.176,52.19,52.72,64.378,72.65,85.293,75.62,71.131,25.652,37.166,48.484,56.819,66.143,17.211,20.296,17.071,14.123,40.265,41,50.792,46.222,35.179,52.048,61.662,56.325,56.098,48.328,59.366,35.71,58.26,45.468,69.237,48.639,42.573,47,40.887,40.463,44.438,39.411,45.171,45.847,45.511
48.079,15.831,50.224,34.352,34.759,29.313,49.85,48.013,63.226,58.042,64.342,39.206,23.153,27.117,17.28,33.409,42.45,40.463,60.922,64.571,25.264,23.153,34.042,50.224,43.956,32.204,38.16,36.571,53.863,58.662,50.012,67.079,55.177,64.203,71.4,66.604,24.422,37.893,38,25.264,21.18,18,22.728,31.095,46.77,56.861,60.12,54.283,71.741,48.079,59.041,41.401,29.647,40.232,42.894,31,23.195,24.56,26.279,36.627,33.324,56.69,67.219,77.186,81.589,73.325,45.693,46.125,45.355,54.283,71.327,25.524,23,24.036,27.029,44.482,47.443,59.406,53.829,44.655,57.885,48.91,40.806,38.32,28.868,38.636,17.211,50.447,33.77,65.009,28.385,24.142,28.439,26.155,23.892,28.028,21.402,25.811,28.439,25.232
33.537,19.055,36.87,29.925,31.378,21.705,38.844,41.064,48.949,44.525,52.154,26.643,16.083,36.401,31.84,36.683,41.257,31.26,49.962,50.025,20.817,28.358,38.32,40.364,39.614,19.849,24.036,22.083,42.249,44.234,36.476,53.012,41.064,51.012,57.434,58.083,27.088,47.443,37.785,14.123,29.925,28.439,36.42,37.731,42.311,50.497,51.037,44.713,61.614,33.707,44.54,29.235,15.099,31.213,37.166,32.023,24.56,9.0554,25.133,30.616,34.083,44.176,53.932,65.154,67.245,58.765,47.443,33.854,31.024,40.017,56.957,24.866,22.042,26.401,29.849,30.616,34.042,46.069,40.414,32.825,43.838,39.698,34.597,35.495,30.396,42.985,21.314,37.857,23.454,51.304,32.136,24.56,28.111,20.05,21.18,24.036,22.083,27.72,26,29.698
42.016,25.652,49.962,44.234,18.485,17.211,36.019,31.954,59.518,47.108,51.012,41.016,19.055,25.232,31.024,21.705,27.088,26.031,46.497,57.508,34.331,37.785,48.949,55.354,54.181,34.739,31.26,33.854,56.615,50.706,39.732,57.127,52.521,63.824,68.694,50.706,14.123,34.839,50.804,29.026,37.019,22.369,31.095,24.142,30.518,40.61,44.54,39.12,56.487,44.713,54.045,29.925,27.464,46.346,52.012,44.176,26.279,25.133,17.804,20.77,19,44.132,55.398,63.339,77.007,66.436,59.769,48.079,38.018,45.777,66.851,37.203,34.042,37.313,40.871,43.287,47.216,58.826,53.267,47.336,55.343,33.77,24.765,22.207,15.385,28.028,19.22,38.443,22.083,54.147,17.81,12.236,13,15.831,14,13.162,15,13.606,12.236,16.708
38.302,34.759,49.56,50.497,14.472,18.944,26.279,21.402,56.043,39.069,41.145,43.015,25.811,34.083,41.78,25.652,22.649,16.708,36.077,51.773,41.305,46.878,57.802,58.01,60,38.284,28.974,34.187,57.676,44.713,32.804,49.357,50.249,62.393,65.471,40.017,24.318,41.385,58.301,34.698,46.797,33.087,41.575,30.881,21.705,30.518,33.77,28.439,45.735,42.696,50,23.454,30.224,50.311,57.297,52.19,36.627,30.616,20.77,18.028,21.18,35,46.401,53.046,72.241,60.448,67.801,49.319,33.854,39.732,62.498,44.986,41.906,45.805,49.408,42.985,47.108,57.539,52.379,49.115,52.942,23.153,14.243,16.708,22.042,30.616,29.416,30.125,19.055,45.847,25.133,23,20.05,21.402,22.806,18.602,25.264,23.153,18.544,26.031
48.288,34.042,57.854,53.186,16.708,24.318,37.203,29.105,66.08,50.249,51.773,49.56,28.028,24.318,36.173,14.472,19.22,27.889,46.125,62.631,43.242,45.847,57.011,64.129,63.151,43.541,38.018,41.78,65.027,55.607,43.838,60.537,59.649,71.4,75.437,47.363,18.944,30.248,59.477,38.018,44.482,26.971,33.707,20.05,25.232,36,42.249,38.018,54.407,51.881,60.249,34.207,35.962,55.277,61.01,52.72,33.324,34.083,19,21.18,25.495,46.056,57.434,63.085,82.863,71.4,68.189,56.487,43.971,50.608,72.936,45.903,42.757,45.735,49.217,51.146,55.188,66.436,61,55.88,62.431,33.195,23.153,17.071,14.472,20,27.088,41.305,27.804,57.011,15.831,20.198,16,24.318,23,20.44,23.342,17.616,18.246,18.485
29.235,52.45,43.615,59.041,39.411,38.018,18.944,30.518,41.064,16.325,18.062,44.713,43.541,58.836,63.339,50.497,43.838,28.439,19.22,32.136,53.417,62.393,71.4,57.011,65.902,45,31.095,37.019,53.081,26.125,19.22,25.556,39.614,51.11,49.623,32.091,48.21,66.303,68.412,46.674,64.083,56,65.009,55.88,36.907,34.166,26.125,22.53,30.591,35.495,35,25.297,39.967,53.932,62.402,64.378,56.69,44.176,44.132,35,46.056,25.495,21.402,31.024,52.485,39.155,78.25,47.216,27.029,23.153,44.482,57.885,55.618,60.09,63.235,39.682,42.65,47.483,44.482,48.275,41.257,24.213,33.259,39.967,46.878,54.721,50.2,16.325,33.087,21.402,50.025,46.056,44.525,41.064,44.015,41.064,47.014,47.336,42.249,50.447
34.413,62.612,46.878,66.436,50.804,49.051,30.248,41.064,39.411,19.487,18.062,51.049,54.102,70.208,74.07,61.865,54.777,39.833,25,28.439,62.202,71.685,79.857,60.99,72.008,52.953,40.083,44.928,55.804,25.811,27.464,18,41.064,50.497,46.222,36.571,59.497,77.676,75.863,55.88,73.789,67.079,76.121,67.28,47.443,42.65,33.022,32.023,31.024,39.732,34.597,36,49.294,60,68.412,72.65,67.219,53.932,55.398,46.401,57.434,21.402,34.928,24.422,45.903,32.361,85.472,51.725,34.166,26.401,40.017,66.648,64.708,69.135,72.032,44.828,46.77,48.013,46.62,53.186,41.765,35.06,44.54,51.231,58.27,65.946,61.01,27.029,44.015,14.472,61.42,57.265,55.891,52.012,55.044,52.297,58.042,58.662,53.566,61.788
48.21,73.246,61.225,79.635,57,58.052,37.459,44.366,53.463,32.672,23,64.672,64.12,77,83.546,67.219,58.052,47.336,27,42.311,74.413,83.41,92.365,75.299,85.822,65.758,52.059,57.707,70.216,40.232,39.682,31.541,55.486,64.626,59.477,31.401,67.219,82.691,89.057,67.697,85.027,75.62,84.431,73.127,50.025,41.78,32.136,35.08,22.728,53.863,48.949,46.056,60.99,73.781,82.25,85.293,77.186,65.154,63.339,53.046,63.085,31.024,24.422,46.519,57,44.234,98.814,65.902,47.202,40.414,52.953,78.884,76.641,81.113,84.243,58.795,60.99,62.355,61.039,67.28,56.141,40,50.012,56.174,65.009,70.017,70.415,37.313,53.417,28.868,68,65.444,63.085,61.196,63.935,60.488,66.886,66.143,61.245,69.076
45,75.795,42.757,67.428,76.468,69.816,59.93,72.129,28.385,46.235,53.681,53.681,71.057,91.841,88.791,87.156,83.878,65.973,59.98,30.809,69.481,79.123,82.339,52.107,67.079,59.98,55.804,55.177,45.057,37.803,49.825,38.16,36.571,32.204,22.042,72.362,80.803,101.83,75.031,66.462,82.801,85.293,93.648,91.056,78.242,76.641,67.94,65.009,66.719,43.541,33.022,58.795,62.355,58.26,64.009,75.62,81.589,67.245,77.007,72.241,82.863,52.485,45.903,57,49.93,23.601,82.173,48.471,49.051,42.65,20.296,72.817,72.642,75.97,77.268,47.336,45.171,35.02,39.428,50.447,34.042,65.758,72.482,78.68,81.701,92.735,78.096,53.829,65.317,42.573,84.653,78.007,78.884,71.612,74.637,74.031,77.119,80.605,76.068,83.6
35.298,67.723,38.636,63.339,64.818,59.244,47.014,59.204,24.318,33.022,40.083,48.013,61.624,81.589,80.605,75.803,71.522,53.932,46.401,18.944,63.151,73.127,78.264,51.231,65.362,53.186,45.847,46.878,44.438,25.811,37.659,24.56,31.378,34.083,26.125,58.765,70.415,90.994,71.984,58.836,76.37,75.924,84.673,80.178,65.444,63.235,54.385,51.677,53.29,36.077,25,47.202,53.681,54.721,61.923,71.131,73.325,58.765,66.436,60.448,71.4,39.155,32.361,44.234,23.601,40.497,80.342,44.713,38.636,30.809,19.434,67.035,66.223,70.075,72,41,40.265,34.187,36.249,46.674,29.925,52.802,60.21,66.639,70.745,81.063,68.873,41.145,54.418,28.974,73.812,67.706,67.983,61.43,64.562,63.339,67.271,70.033,65.227,73.135
61.108,44.176,51.761,29.209,67.697,58.877,75.069,78.505,66.294,76.287,86.217,44.482,52.059,62.24,47,68.941,76.851,68.6,85.69,73.906,36.627,32.561,22,40.067,25.133,43.302,57.424,51.231,47.121,71.27,69.203,81.554,59.041,60.04,70.133,95.147,59.336,72,19.899,43.601,35.08,53.566,54.045,66.719,79.354,87.936,87.987,81.589,97.693,56.519,65.973,65.172,49.699,36,28.439,25.652,45.693,47.443,59.769,67.801,68.189,78.25,85.472,98.814,82.173,80.342,43.863,45.735,61.614,69.169,73.789,32.825,35.942,32.472,28.974,51.146,50.497,57.381,54.147,43.838,60.448,76.843,71.911,71.741,63.759,74.327,51.11,72.37,60.804,81.694,63.852,58.104,62.555,56.53,56.098,60.09,54.944,60.596,61.478,60.695
28.028,40.414,16.083,29.026,51.976,42.28,47.643,56.174,31.024,43.422,54.407,17.211,39.53,60.22,52.802,59.769,61.788,46.014,56.065,38.231,31.954,41.016,44.015,19.849,31.024,24.213,31.024,25.133,18.544,36.401,38.178,46.62,23.342,28.358,36.926,67.94,50.706,71.294,37.295,31.26,44.928,51.869,58.836,61.478,60.01,64.745,60.922,54.922,67.801,22.042,30.248,39.275,30.616,20.05,27.464,37.166,46.125,33.854,48.079,49.319,56.487,47.216,51.725,65.902,48.471,44.713,45.735,21.378,30.616,35.495,39.017,34.698,35.06,37.857,38.862,17.616,15,23.928,19.055,12,25.033,51.773,52.048,55.706,53.463,66.08,45,42.696,40.265,47.537,55.618,48.013,50.853,42.311,44.438,46.056,45.847,51.146,48.275,53.417
14.472,40.067,28.111,42.45,37.803,30.809,27.263,37.295,32.204,24.765,34.759,27.692,33.087,53.046,52.579,48.184,46.235,28.385,35.554,29.698,38.16,47.855,55.695,40.463,48.897,28.788,17.28,20.77,37.459,23.342,17.81,32.091,26.763,39.12,41.623,47.336,41.906,62.802,51.881,32.204,50.311,47.336,56.174,52.012,42.28,45.014,40.364,34.515,47.443,20,26.279,20.77,26,36.907,45.384,48.484,45.355,31.024,38.018,33.854,43.971,27.029,34.166,47.202,49.051,38.636,61.614,30.616,12.166,19,39,42.573,40.806,45.171,47.947,23,26.492,34.515,30.025,31.471,29.313,32,35.08,40.529,42.65,53.932,40.364,22.083,26.279,30.881,45.609,39.155,39.833,32.825,35.942,35,38.636,41.623,37.019,44.67
18.062,49.051,31.095,50.249,44.059,38.636,28.028,39.967,28.439,18.062,29.235,34.698,41.78,60.99,61.478,55,51.231,33.345,32.361,22.042,46.878,56.69,64.083,45,55.607,37.203,26.125,29.416,40.414,15,17.211,23.153,26.492,38.018,37.514,45.228,49.812,70.208,59.649,41.145,59.254,55.88,64.818,59.396,45.847,45.903,39,34.331,43.242,23.454,22.166,26.401,35,43.601,52.012,56.819,54.283,40.017,45.777,39.732,50.608,23.153,26.401,40.414,42.65,30.809,69.169,35.495,19,21.095,33.324,51.231,49.623,53.932,56.573,28.439,30.616,34.331,31.541,36.87,28.111,33.77,39.833,46.069,49.962,60.329,49.051,21.705,33.707,22.53,53.046,47.162,47.216,41.016,44.176,42.65,47,49.357,44.482,52.485
34.839,65.543,33.087,58.042,66.639,59.679,51.146,63.235,18.246,38.16,47.121,43.734,60.774,81.61,78.542,77.179,74.405,56.4,52.755,22.369,59.477,69.228,73.032,43.956,58.662,49.85,45.609,44.886,36.926,28.788,40.529,32.023,26.492,25.264,16.708,65.579,70.605,91.688,66.08,56.239,72.817,75,83.355,80.937,69.169,68.523,60.448,56.819,61,33.259,22.806,49.051,52.059,49,55.398,66.143,71.327,56.957,66.851,62.498,72.936,44.482,40.017,52.953,20.296,19.434,73.789,39.017,39,33.324,39.661,62.953,62.631,66.089,67.559,37.203,35.318,26.492,30,41.016,24.142,56.957,63.009,69.034,71.62,82.863,67.801,44.886,55.277,36.019,74.537,67.801,68.796,61.4,64.406,63.907,66.859,70.44,65.973,73.411
43.541,22.042,40.083,18.944,44.928,36.077,53.417,55.804,54.721,57.17,65.946,29.235,29.235,42.558,30.248,47.216,54.272,46.125,64.406,59.041,14.472,16.325,23.601,36.173,28.439,24.142,36.833,31.84,41.064,54.553,49.395,64.342,46.497,52.953,61.546,72.936,37.295,53.417,23.601,21.402,20.296,33.345,37.295,46.056,56.53,65.218,65.866,59.518,76.219,41,52.048,43.601,28.028,26.401,27.464,17.211,25.524,24.866,37.203,44.986,45.903,57.885,66.648,78.884,72.817,67.035,32.825,34.698,42.573,51.231,62.953,22.472,13.162,13.162,15.385,36.077,37.659,48.626,43.526,32.847,48.833,54.553,49.115,49,41.575,53.046,29.105,51.677,38.32,63.451,42.14,35.71,40.083,33.707,33.409,37.313,32.561,38.443,38.792,39.069
42.14,19,40.083,21.402,41.78,33.022,50.804,52.802,54.385,55.222,63.666,28.974,26.125,39.833,28.439,44.132,51.11,43.242,61.865,58.01,13.162,17.071,26.279,37.659,31.213,23.038,34.698,30.224,42.016,53.186,47.336,62.773,46.139,53.417,61.624,70.108,34.187,50.804,26.763,18.944,20.198,30.616,35.239,43.136,53.417,62.202,63.075,56.755,73.6,40.15,51.304,41.064,25.652,27.692,29.925,20.296,23,22.042,34.042,41.906,42.757,55.618,64.708,76.641,72.642,66.223,35.942,35.06,40.806,49.623,62.631,13.162,20.125,14.472,17.81,35.495,37.514,48.91,43.615,33.324,48.601,51.725,46.056,45.847,38.443,50.012,26.031,49.357,35.456,61.662,39.069,32.561,36.926,30.591,30.248,34.166,29.416,35.318,35.632,36.019
46.346,21.705,43.242,21.402,45.355,37.019,55.222,56.861,57.854,59.649,68.138,32.361,30,41.145,27.889,46.674,54.385,47.483,66.303,62.01,17.071,13.162,22.042,39.069,30.248,27.029,39.155,34.515,44.132,57.381,51.785,67.07,49.623,56.098,64.708,74.382,36.926,51.773,24.036,23.416,17.211,32.023,35.08,45.014,57.17,66.223,67.385,61.088,78.007,44.015,55.1,45.511,30.125,29.416,29.723,17.071,24.036,26.401,37.313,45.805,45.735,60.09,69.135,81.113,75.97,70.075,32.472,37.857,45.171,53.932,66.089,13.162,14.472,24.597,13.606,39.155,40.806,51.785,46.688,36,51.976,56.011,50,49.357,41.321,52.297,28.682,53.829,39.732,66.045,41.575,35.632,40.083,34.413,33.707,37.785,32.472,38.16,39.069,38.443
48.833,25.232,44.525,20.817,48.949,40.61,58.6,60.448,59.366,62.555,71.294,34.021,33.601,44.015,29.925,50.025,57.927,51.012,69.641,64.148,19.849,14.123,18.485,38.844,28.358,29.416,42.202,37.203,44.438,59.82,54.777,69.666,51.195,56.819,65.785,77.897,40.364,54.407,21.045,26.643,18.062,35.02,37.203,48.118,60.774,69.816,70.877,64.562,81.4,46.056,57,48.833,33.324,29.698,28.439,14.123,27.029,29.849,40.871,49.408,49.217,63.235,72.032,84.243,77.268,72,28.974,38.862,47.947,56.573,67.559,15.385,17.81,13.606,27.785,41,42.249,52.72,47.855,36.926,53.417,59.518,53.6,52.942,44.785,55.541,32.136,57.011,43.242,68.822,44.928,39.155,43.615,38.018,37.295,41.385,36,41.623,42.65,41.78
20.63,38.653,16.708,32.804,46.056,36.833,40.083,49.013,28.974,36.173,47.014,17.071,35.495,56.69,51.593,54.777,55.607,39.069,48.471,33.345,32.361,42.249,47.483,27.464,37.203,22.649,24.142,19.434,25,30.125,30.591,40.414,20.77,30.616,36.926,60.329,46.401,67.489,41.953,29.235,45.693,49.051,56.872,57.202,53.186,57.381,53.324,47.363,60.249,15.385,26,32.023,26.279,25.264,33.601,40.265,44.482,30.616,43.287,42.985,51.146,39.682,44.828,58.795,47.336,41,51.146,17.616,23,28.439,37.203,36.077,35.495,39.155,41,15.652,14.123,25.62,20,18.602,23.416,44.366,45.355,49.56,48.588,61,41.89,35.08,34.042,40.806,51.049,43.601,45.847,37.459,40,40.887,41.89,46.62,43.121,49.205
23.416,41.623,12.828,33.087,50.162,40.871,43.734,53,27.117,38.601,49.661,18.544,39.206,60.329,54.418,58.765,59.729,43.136,51.629,33.409,34.352,43.956,48.053,24.422,35.942,25.264,28.248,23.416,21.045,31.401,33.77,41.623,19,26.971,34.166,63.759,50.224,71.221,41.78,32.204,47.643,52.45,60,61.039,57.265,61.245,56.84,51,63.235,17.211,25.524,36,30,24.56,32.361,41,47.443,34.042,47.216,47.108,55.188,42.65,46.77,60.99,45.171,40.265,50.497,15,26.492,30.616,35.318,37.659,37.514,40.806,42.249,14.123,19.698,22.042,16.403,16.708,21.18,48.21,49.459,53.681,52.544,65.009,45.355,38.46,38.16,42.558,54.944,47.443,49.825,41.385,43.838,44.886,45.609,50.497,47.121,53.012
30.224,53.6,19.22,42.558,60.99,52.19,51.049,61.788,20,42.016,53.012,30.248,51.11,72.29,66.303,70.208,70.166,52.72,56.69,30.616,45.777,54.944,57.381,27.464,42.249,37.203,38.636,35,20.44,32.472,40,41.064,18,15,23.153,69.54,62.01,83.11,50.012,44.205,58.847,64.489,72.008,72.801,66.754,69.135,63.151,58,67.28,24.866,23.416,45.171,41.89,33.345,39.069,50.792,59.406,46.069,58.826,57.539,66.436,47.483,48.013,62.355,35.02,34.187,57.381,23.928,34.515,34.331,26.492,48.626,48.91,51.785,52.72,25.62,22.042,31.064,15.657,25.811,16.325,56.271,59.336,64.231,64.083,76.37,57.381,45,48.91,43.541,66.613,59.204,61.313,53.012,55.607,56.325,57.508,62.202,58.549,64.818
26.031,48.013,13.606,38.071,55.695,46.715,47.054,57.265,22.166,39.547,50.719,24.765,45.468,66.639,60.774,64.708,65.027,47.855,53.681,30.809,40.463,49.85,53.046,25.264,39.12,31.633,33.409,29.416,19.22,30.809,36.306,40.414,15.657,20.63,28.028,66.294,56.4,77.476,46.125,38.601,53.658,58.836,66.4,67.201,61.971,65,59.649,54.181,64.781,20.05,22.806,40.414,36.249,29,35.71,46.222,53.829,40.414,53.267,52.379,61,44.482,46.62,61.039,39.428,36.249,54.147,19.055,30.025,31.541,30,43.526,43.615,46.688,47.855,20,16.403,15.657,25.554,21.045,16.325,52.012,54.385,59.041,58.549,70.902,51.725,41.257,43.615,42.202,61.039,53.6,55.793,47.443,50,50.817,51.869,56.615,53.046,59.204
29.209,39,18.062,27.029,51.593,41.78,48.275,56.39,33.022,44.713,55.607,16.325,38.636,59.092,51.231,59.041,61.478,46.125,57.011,40.083,30.248,39.155,42.016,19.22,29.235,23.038,31.213,25,19.434,38.018,39.155,48.275,25.297,30.125,38.862,68.694,49.812,70.208,35.318,30,43.106,50.608,57.381,60.537,60.01,65.109,61.624,55.541,68.83,23.454,32.136,39.614,29.925,18.062,25.652,35.179,44.655,32.825,47.336,49.115,55.88,48.275,53.186,67.28,50.447,46.674,43.838,12,31.471,36.87,41.016,32.847,33.324,36,36.926,18.602,16.708,25.811,21.045,21.095,27.029,52.202,52,55.398,52.72,65.362,43.838,43.541,40.067,49.051,54.777,47.162,50.162,41.623,43.615,45.44,44.886,50.311,47.643,52.485
24.866,52.059,19,44,56.648,48.419,45.228,56.325,16,35.71,46.688,29.647,48.288,69.464,65.009,66.4,65.462,47.696,50.447,24.866,45.44,55.122,59,31.471,45.44,36,34.413,32.023,25,26.155,34.083,35,12.828,20.05,23.601,63.339,58.795,80.007,52.297,42.65,58.765,62.202,70.208,69.464,61.546,63.339,57.043,52.048,60.961,20.63,17.211,40.083,39.206,35.08,42.016,52.048,57.885,43.838,55.343,52.942,62.431,41.257,41.765,56.141,34.042,29.925,60.448,25.033,29.313,28.111,24.142,48.833,48.601,51.976,53.417,23.416,21.18,16.325,16.325,27.029,27.586,50.608,54.385,59.649,60.448,72.426,55,39.069,44.67,37.295,63.151,55.967,57.634,49.623,52.426,52.638,54.598,58.836,54.822,61.624
36.077,46.056,50.05,58.26,27,29.723,15.831,16.403,52.059,29.849,28.682,47,36.627,47,54.598,37.459,29.723,18.602,23,44.986,50.361,57.634,68,61.42,66.824,44.482,31.19,37.857,59.254,38.178,26.763,39.732,48.328,60.636,61.264,28.385,37.459,53.174,67.009,43.302,58.26,46.139,54.721,43.242,22.728,23.038,21.402,15.385,32.847,42,45.735,22.649,37.203,55.695,63.666,61.662,48.91,39.698,33.77,23.153,33.195,24.213,35.06,40,65.758,52.802,76.843,51.773,32,33.77,56.957,54.553,51.725,56.011,59.518,44.366,48.21,56.271,52.012,52.202,50.608,23.324,20.05,26.492,35.02,41.016,41.78,22.083,26.279,35.612,38,35.962,33.195,32.825,35.08,31.19,37.857,36.306,31.587,39.155
39.547,39,51.773,54.385,17.071,23.038,24.318,17.211,57.011,38.018,38.636,46.056,30,37.019,45.777,27.464,21.402,16.708,33.022,51.773,45.355,51.11,62.01,61.039,63.759,41.78,31.213,37,60.249,44.713,32.672,48.275,51.785,64.083,66.436,35.942,28.028,43.242,62.355,38.636,51.037,36.926,45.171,33.195,18.062,26.279,29.925,25.033,42.016,44.482,50.817,24.318,33.77,53.738,60.961,56.325,40.806,34.597,24.765,14.243,23.153,33.259,44.54,50.012,72.482,60.21,71.911,52.048,35.08,39.833,63.009,49.115,46.056,50,53.6,45.355,49.459,59.336,54.385,52,54.385,20.05,21.095,16.708,25.133,31.471,33.601,29.209,22.166,44.482,28.028,27,23.601,25.62,27.029,22.806,29.416,26.763,22.53,29.416
44.986,37.785,56.174,55.354,14.123,24.036,31.024,22.042,62.697,44.67,45.171,49.205,29.925,31.378,42.202,21.045,16.083,22.728,39.275,58.083,45.735,49.962,61.108,64.148,65.109,44.015,35.632,40.594,64.129,51.012,39,54.944,56.957,69.093,72.129,40.364,24.213,36.683,62.555,39.614,49.205,33.022,40.463,27,18.602,29.235,35.179,31.095,47.336,49.395,56.615,30,36,56.043,62.612,56.098,38.32,35.495,22.207,16.708,17.071,39.967,51.231,56.174,78.68,66.639,71.741,55.706,40.529,46.069,69.034,49,45.847,49.357,52.942,49.56,53.681,64.231,59.041,55.398,59.649,26.492,16.708,24.331,20.296,24.765,31.401,35.807,25.524,51.183,22.649,24.213,19.899,25.524,25.652,21.705,27.205,22.806,20.296,24.765
46.797,29.647,55.277,49.051,18.062,22.042,38.284,31.84,64.452,50.497,53.186,46.401,24.318,22.042,32.023,16.325,23.601,28.439,48.013,61.865,39.069,41.385,52.544,60.695,59.041,40.083,36.173,39.155,62,54.944,43.541,60.695,57.634,69.076,73.702,50.497,14.472,30.248,55.122,34.187,40.017,22.806,30.248,19.434,28.868,39.53,44.928,40.15,57.074,49.825,58.836,33.707,32.847,51.593,57.011,48.328,28.868,30.396,15.385,22.042,14.472,46.878,58.27,65.009,81.701,70.745,63.759,53.463,42.65,49.962,71.62,41.575,38.443,41.321,44.785,48.588,52.544,64.083,58.549,52.72,60.448,35.02,25.133,20.296,23.022,22.649,22.649,41.623,26.401,57.434,13.162,16,12.828,21.18,19.22,17.81,19.055,13.162,15.657,14.472
58.27,41.016,67.706,61.039,26.279,34.187,45.777,35.71,76.068,59.396,59.649,59.041,36.926,23.601,39.069,16.325,22.042,37.203,53.417,72.37,51.049,51.773,62.631,73.325,71.033,52.72,48.013,51.593,74.622,65.317,53.417,69.682,69.641,81.344,85.432,52.048,26.125,23.038,66.321,46.674,49.56,30.881,34.207,18.062,30.1,40.067,48.21,45.171,60.04,61.865,70.208,43.971,45.468,64.129,69.211,59.366,38.636,42.985,28.028,30.616,20,54.721,65.946,70.017,92.735,81.063,74.327,66.08,53.932,60.329,82.863,53.046,50.012,52.297,55.541,61,65.009,76.37,70.902,65.362,72.426,41.016,31.471,24.765,22.649,35.355,34,50.497,37.803,65.946,21.045,28.439,25.232,33.77,31.84,30.125,31.213,25.297,27.889,24
43.615,17.071,48.184,37.074,27.692,22.369,42.985,40.806,59.93,52.048,57.676,37.803,17.28,25.264,23.153,28.111,35.942,33.409,53.966,59.98,27.117,28.788,39.967,50.719,47.054,30.809,33.087,33.022,53.267,53.681,44.132,61.478,52.202,62.326,68.6,59.396,18.246,36.42,42.558,23.892,27.804,17.211,25.811,27.464,39.732,49.699,52.942,47.162,64.626,44.67,55.177,35.02,25.811,41.016,45.355,35.71,17.211,21.314,19.22,29.416,27.088,50.2,61.01,70.415,78.096,68.873,51.11,45,40.364,49.051,67.801,29.105,26.031,28.682,32.136,41.89,45.355,57.381,51.725,43.838,55,41.78,33.601,31.401,22.649,34,18.385,44.059,27.117,59.092,23.038,17.211,21.662,19.22,16.708,20.817,14.243,19.487,21.314,20
25.297,46.139,39.833,53.186,34.597,32.023,16.325,28.358,40.083,18.944,24.318,39.411,37.295,53.417,57.17,45.777,40.414,23.416,23.601,33.022,47.216,56.098,65.227,52.544,60.448,39.069,25,31.213,49.294,26.125,15,29.235,37,49.115,49.217,35.298,42.558,61.478,62.498,40.414,57.76,50.05,59.092,50.853,34.413,34.331,28.439,23,35.612,31.587,33.77,19.055,33.707,48.601,57.011,58.26,50.447,37.857,38.443,30.125,41.305,16.325,27.029,37.313,53.829,41.145,72.37,42.696,22.083,21.705,44.886,51.677,49.357,53.829,57.011,35.08,38.46,45,41.257,43.541,39.069,22.083,29.209,35.807,41.623,50.497,44.059,19.235,27,25.811,44.785,40.265,39.12,35,38.018,35.318,41.016,41.78,36.683,44.928
30.518,30.125,40.676,42.65,22.083,15.099,26.155,27.889,48.288,35.318,40.594,34,20.77,37.313,40.265,31.932,31.587,17.81,37.313,45.511,34.207,41.401,51.725,49,51.785,29.647,20.296,25.133,48.639,38.653,27.72,45.171,41.906,53.829,57.634,44.655,26.155,46.62,51.049,27.205,42.249,33.087,42.14,35.807,30.224,37.295,37.659,31.401,48.588,34.187,42.527,18.062,21.705,41.575,48.897,45.468,33.77,23.454,22.083,19.055,27.804,33.087,44.015,53.417,65.317,54.418,60.804,40.265,26.279,33.707,55.277,38.32,35.456,39.732,43.242,34.042,38.16,48.91,43.615,40.067,44.67,26.279,22.166,25.524,26.401,37.803,27.117,27,9,42.388,29.416,23.601,23.601,18,21.045,18.944,24.036,25.652,20.817,28.788
30.591,60.16,42.558,62.773,50.311,47.483,30.248,41.89,35,17.071,21.18,47.216,52.012,69.203,72.008,61.478,55.222,39.155,27.464,24.142,59.041,68.694,76.483,56.69,68.009,49.56,37.295,41.623,51.4,21.402,25,14.472,36.627,46.056,42.062,39.833,58.27,77.231,72.177,52.953,71,65.444,74.498,66.648,48.288,44.67,35.495,33.431,35.02,35.612,30.125,34.331,46.497,56.043,64.406,69.237,65.009,51.304,54.147,45.847,57.011,21.402,14.472,28.868,42.573,28.974,81.694,47.537,30.881,22.53,36.019,63.451,61.662,66.045,68.822,40.806,42.558,43.541,42.202,49.051,37.295,35.612,44.482,51.183,57.434,65.946,59.092,25.811,42.388,32.249,60.596,55.891,54.922,50.311,53.417,51,56.39,57.539,52.45,60.695
49.699,30.1,57.707,50.012,21,24.866,41.401,34.515,67.28,53.658,56.271,48.484,26.155,19,30.518,15.099,24.866,31.587,51,64.918,40.017,41.321,52.379,62.498,60.01,41.953,39,41.623,64.129,58.021,46.674,63.852,60.329,71.612,76.483,53.012,15.099,27.205,55.541,35.71,39.547,21.402,27.889,16.403,31.024,41.78,47.656,43.061,59.82,52.521,61.74,36.833,35.06,53.174,58.166,48.639,28.385,32.136,17.81,25.133,15.831,50.025,61.42,68,84.653,73.812,63.852,55.618,45.609,53.046,74.537,42.14,39.069,41.575,44.928,51.049,54.944,66.613,61.039,54.777,63.151,38,28.028,22.649,13.162,21.045,23.038,44.785,29.416,60.596,25.612,17.616,15.831,23.601,21.18,20.63,20.198,14.472,18.602,13.162
43.015,23.928,50.224,43.061,20.63,18.544,38.071,34.187,60.329,48.833,53.046,40.871,18.544,23.892,28.788,22.166,28.788,28.111,48.639,58.765,33.087,35.942,47.121,54.922,53.046,34.352,32.204,34.207,56.519,52.048,41.321,58.765,53.139,64.203,69.414,52.942,12.828,34.042,49.294,28.248,35,20.198,29.026,23.601,32.627,42.802,46.77,41.321,58.703,45.355,55,31.587,27.493,45.693,51.012,42.573,24.142,24.56,12.236,23,20.198,46.056,57.265,65.444,78.007,67.706,58.104,48.013,39.155,47.162,67.801,35.71,32.561,35.632,39.155,43.601,47.443,59.204,53.6,47.162,55.967,35.962,27,24.213,16,28.439,17.211,40.265,23.601,55.891,17.616,18.385,14.472,16.403,13.606,15,13.162,13.162,14.472,15.657
43.971,28.385,52.544,47.216,16.708,19.22,36.077,30.616,61.624,47.947,51.049,43.838,22.042,24.318,32.472,18.944,24.318,26.125,46.125,59.092,37.295,40.414,51.593,58.27,57.17,37.659,33.345,36.42,59.396,52.19,40.871,58.104,54.822,66.303,70.877,49.395,14.472,33.022,53.681,32.023,39.411,23.416,31.587,22.207,28.439,38.844,43.526,38.443,55.607,47.014,56.011,31.024,30.248,49.319,55.011,47,28.439,28.111,13,20.05,16,44.525,55.891,63.085,78.884,67.983,62.555,50.853,39.833,47.216,68.796,40.083,36.926,40.083,43.615,45.847,49.825,61.313,55.793,50.162,57.634,33.195,23.601,19.899,12.828,25.232,21.662,39.12,23.601,54.922,15.831,14.472,20.248,18.544,17,15,17.616,13.162,12.828,16
36.627,23.454,44.132,39.833,21.402,13.162,33.77,32.627,53.932,43.242,48.471,35.298,14.472,30.248,32.361,27.464,31.213,24.318,44.785,52.485,30.248,35.495,46.401,49.812,49.623,29.235,25.811,28.028,50.853,45.847,35.495,52.953,46.797,58.01,63.038,50.804,19.22,40.414,47.162,24.142,35.612,25.133,34.187,29.849,32.825,41.89,44.132,38.178,55.618,39,48.601,26.031,21.705,41.064,47.216,40.887,26.155,20.05,15.831,21.402,24.318,41.064,52.012,61.196,71.612,61.43,56.53,42.311,32.825,41.016,61.4,33.707,30.591,34.413,38.018,37.459,41.385,53.012,47.443,41.623,49.623,32.825,25.62,25.524,21.18,33.77,19.22,35,18,50.311,23.601,16.403,18.544,12.042,13.162,14,16.083,19.22,16.083,22.042
39.682,22.207,46.62,40.265,21.662,16,36.476,34.207,56.861,46.346,51.304,37.313,15.099,27.205,29.647,25.524,30.881,26.763,47.363,55.618,30.396,34.413,45.511,51.485,50.2,30.881,28.868,30.616,52.953,49,38.636,56.098,49.598,60.606,65.902,52.72,16.403,37.586,47,25.033,34.042,22.042,31.095,27.205,33.601,43.242,46.235,40.463,57.927,41.828,51.617,29.105,23.892,42.388,48.013,40.463,23.892,21.18,14,22.806,23,44.015,55.044,63.935,74.637,64.562,56.098,44.438,35.942,44.176,64.406,33.409,30.248,33.707,37.295,40,43.838,55.607,50,43.615,52.426,35.08,27.029,25.652,19.22,31.84,16.708,38.018,21.045,53.417,21.18,13.606,17,13.162,14.866,14.243,13,16.708,15.385,19.22
39.069,26.401,47.59,43.734,17.616,14.243,33.087,30,56.669,43.956,48.053,39.12,18.246,28.385,33.409,23.892,27.263,23.153,43.734,54.418,34.042,38.601,49.661,53.738,53.566,33.195,28.385,31.471,54.598,47.59,36.571,53.966,49.825,61.313,65.902,48.588,17.28,37.803,50.853,28.111,38.284,25.133,34.021,27.029,29.416,39,42.202,36.571,54.011,42.016,51.11,26.763,25.524,45.057,51.195,44.438,28.028,24.036,13.162,18.602,20.44,41.064,52.297,60.488,74.031,63.339,60.09,46.056,35,42.65,63.907,37.313,34.166,37.785,41.385,40.887,44.886,56.325,50.817,45.44,52.638,31.19,22.806,21.705,17.81,30.125,20.817,35.318,18.944,51,20.63,15,15,14,14.243,15.264,16.708,16.708,12.236,19.849
42.249,20.77,48.419,40.017,23.454,19,39.428,36.627,59.204,49.319,54.283,38.653,16.403,24.866,26.763,25.033,31.932,29.647,50.262,58.332,30.025,32.825,44,52.379,50.012,31.932,31.471,32.627,54.294,51.785,41.575,59.031,51.773,62.498,68.138,55.277,15.099,35.612,46.139,25.524,32.023,19.055,28.111,25.652,35.495,45.468,48.91,43.242,60.695,44.059,54.102,32.091,25.62,42.985,48.053,39.411,21.402,22.083,15,25.264,23.342,47.014,58.042,66.886,77.119,67.271,54.944,45.847,38.636,47,66.859,32.561,29.416,32.472,36,41.89,45.609,57.508,51.869,44.886,54.598,37.857,29.416,27.205,19.055,31.213,14.243,41.016,24.036,56.39,20.198,13.162,17.616,16.083,13,16.708,17.205,16,17.071,17.616
45.609,26.492,53.267,46.014,19.849,20.817,39.017,33.77,63.075,50.522,54.011,44.015,21.705,21.705,29.416,19.055,26.643,29.026,49.205,61.108,36.019,38.231,49.395,58.083,56.011,37.514,34.839,37.203,59.659,54.294,43.242,60.596,56.011,67.201,72.225,52.544,11.414,31.26,51.976,31.378,36.926,20.296,28.439,20.63,31.401,41.906,46.688,41.575,58.765,48.21,57.634,33.409,30.591,48.833,54.045,45.171,25.811,27.72,13.606,23.153,17.616,47.336,58.662,66.143,80.605,70.033,60.596,51.146,41.623,49.357,70.44,38.443,35.318,38.16,41.623,46.62,50.497,62.202,56.615,50.311,58.836,36.306,26.763,22.806,13.162,25.297,19.487,41.78,25.652,57.539,14.472,13.162,13.162,19.22,16.708,16.708,16,21.26,15.099,13.162
41.145,27.493,49.825,45.511,16.403,16.403,34,29.723,58.795,45.44,49,41.321,20.05,26.763,33.259,21.662,25.524,24,44.366,56.325,35.71,39.682,50.817,55.891,55.398,35.318,30.518,33.707,56.819,49.446,38.231,55.541,52.012,63.535,68.052,48.471,16,35.807,52.379,30.025,39.069,24.56,33.195,25,28.439,38.425,42.311,36.926,54.272,44.205,53.186,28.385,27.72,47.121,53.105,45.847,28.439,26,12.236,18.544,18.246,42.249,53.566,61.245,76.068,65.227,61.478,48.275,37.019,44.482,65.973,38.792,35.632,39.069,42.65,43.121,47.121,58.549,53.046,47.643,54.822,31.587,22.53,20.296,15.657,27.889,21.314,36.683,20.817,52.45,18.602,14.472,12.828,16.083,15.385,12.236,17.071,15.099,17.493,18.246
48.601,27.029,55.804,47.054,22.369,23.892,42.062,36.249,65.973,53.681,57.043,46.235,23.892,18.544,27.692,18.246,27.692,32.091,52.107,64.203,37.074,38.16,49.217,59.98,57.043,39.547,37.803,39.833,61.884,57.413,46.401,63.759,58.795,69.816,75.069,54.944,12.828,28.385,52.426,33.087,36.401,18.485,25.811,18.062,33.324,44,49.294,44.366,61.42,51.012,60.606,36.571,33.022,50.522,55.277,45.511,25.232,29.698,16.708,26.031,18.485,50.447,61.788,69.076,83.6,73.135,60.695,53.417,44.67,52.485,73.411,39.069,36.019,38.443,41.78,49.205,53.012,64.818,59.204,52.485,61.624,39.155,29.416,24.765,14.472,24,20,44.928,28.788,60.695,13.162,15.657,16,22.042,19.22,19.849,17.616,13.162,18.246,24.042
